triangle_key,2017,2018,2019,2020,2021,2022
BTC|USDT|VET,0,410,4700,6267,1284,1221
BTC|SC|USDT,0,0,0,930,12005,929
BTC|FUN|USDT,0,0,288,2062,10748,0
BTC|IOST|USDT,0,0,1422,3358,4933,2984
BTC|COS|USDT,0,0,57,1429,7248,1125
BTC|CELR|USDT,0,0,1105,2519,3910,1401
BTC|ONE|USDT,0,0,1184,3523,1677,831
BTC|IOTX|USDT,0,0,21,2205,4351,510
BTC|ETH|HOT,0,2048,3963,853,62,0
ANKR|BTC|USDT,0,0,591,4092,1748,466
BTC|DGB|USDT,0,0,0,282,4439,1752
BTC|MITH|USDT,0,0,87,1234,3031,907
BTC|ETH|SC,0,235,646,1120,2849,53
BTC|TCT|USDT,0,0,0,691,2727,1251
ARN|BTC|ETH,150,4123,151,159,0,0
BTC|USDT|XVG,0,0,0,0,3984,591
BTC|ETH|XVG,98,34,433,901,2828,194
BTC|USDT|ZIL,0,0,913,1562,602,1117
BTC|GTO|USDT,0,0,84,642,2663,651
DENT|ETH|USDT,0,0,59,504,2223,1115
BTC|ETH|VET,0,216,1570,1014,702,311
BTC|TRX|USDT,0,0,257,712,1512,1181
BTC|DOGE|USDT,0,0,352,2390,830,0
BTC|TFUEL|USDT,0,0,485,2433,594,11
BTC|HOT|USDT,0,0,2252,1116,143,0
BTC|ETH|FUN,210,170,571,920,1600,0
BTC|BUSD|XVG,0,0,0,0,3174,201
BTC|CHZ|USDT,0,0,351,1366,1301,0
BNB|BTC|COS,0,0,26,241,2188,492
BTC|ETH|TRX,180,0,94,827,1382,347
BTC|DREP|USDT,0,0,0,1463,1091,5
BTC|BTS|USDT,0,0,0,141,1836,567
ARPA|BTC|USDT,0,0,32,674,1662,157
BTC|DOCK|USDT,0,0,235,710,948,613
BNB|BTC|VET,0,305,1312,371,253,240
BTC|RVN|USDT,0,0,15,466,961,938
BTC|ETH|IOTX,0,62,223,921,1117,21
BNB|BTC|SC,0,80,373,704,1122,0
BNB|BTC|ETH,2255,0,0,0,0,0
BTC|MDT|USDT,0,0,0,230,1394,542
BTC|BUSD|IOST,0,0,0,0,1617,502
BTC|BUSD|TRX,0,0,33,202,887,990
BTC|ETH|QSP,237,318,57,932,533,35
BTC|BUSD|VET,0,0,12,342,822,908
BTC|MATIC|USDT,0,0,679,867,434,0
BTC|ETH|MCO,1709,141,36,13,0,0
BTC|CDT|ETH,119,287,72,584,764,0
BNB|BTC|CELR,0,0,535,737,506,23
BTC|JST|USDT,0,0,0,106,782,904
BTC|ETH|IOST,0,64,339,350,859,135
BNB|BTC|TRX,0,6,53,331,941,296
BNB|BTC|ONE,0,0,494,719,338,54
BTC|BUSD|DGB,0,0,0,46,1092,439
BTC|ETH|QKC,0,47,146,463,694,193
BTC|ETH|WTC,1290,182,28,15,11,0
BTC|ETH|NULS,212,643,284,384,0,0
ETH|NPXS|USDT,0,0,65,489,955,0
BTC|FTM|USDT,0,0,94,1054,283,0
BTC|PERL|USDT,0,0,9,187,475,734
BNB|BTC|MITH,0,26,108,505,693,64
BTC|ETH|OST,151,397,66,204,482,0
BTC|ETH|ZIL,0,16,585,539,63,32
BTC|USDT|VITE,0,0,5,204,650,367
BTC|BUSD|ONE,0,0,0,65,631,501
BTC|ETH|WABI,153,423,594,11,0,0
BTC|ETH|STORM,0,131,492,513,0,0
ANKR|BNB|BTC,0,0,217,575,337,6
BTC|ETH|VIB,131,279,81,99,357,181
BTC|STPT|USDT,0,0,0,150,955,14
BTC|ETH|MDA,362,258,417,40,0,0
BNB|USDT|VET,0,331,735,2,0,0
BQX|BTC|ETH,291,578,94,42,61,0
BTC|ETH|LINK,595,411,31,0,0,0
BNB|BTC|HOT,0,0,702,271,63,0
BTC|ETH|SNT,667,105,24,39,90,50
BNB|BUSD|WIN,0,0,0,0,586,378
BTC|ETH|QTUM,891,53,6,1,3,0
ETH|HOT|USDT,0,0,4,124,549,251
BTC|ETH|NCASH,0,291,592,36,0,0
BTC|ENG|ETH,213,508,115,48,0,0
AION|BTC|ETH,122,248,82,28,358,7
BTC|ETH|KNC,543,214,39,24,11,1
BTC|ETH|POWR,354,319,35,23,77,4
BTC|TRX|TRY,0,0,0,0,388,408
BTC|BTG|ETH,331,293,104,41,0,0
BTC|ETH|LRC,317,312,53,73,13,0
BTC|ETH|TNB,28,234,381,110,0,0
BTC|ETH|USDT,735,0,0,0,0,0
BTC|ETH|GVT,125,508,66,22,0,0
BNB|BTC|ICX,212,457,27,6,9,0
BNB|BTC|ZIL,0,151,203,326,13,10
BTC|ETH|RDN,358,259,55,21,0,0
BTC|ETH|QLC,0,60,84,94,397,29
BTC|IRIS|USDT,0,0,0,24,172,459
BTC|ETH|LSK,265,305,42,12,18,10
BTC|BUSD|IOTX,0,0,0,0,539,90
BCPT|BTC|ETH,118,335,151,22,0,0
BNB|ETH|ICX,194,406,8,2,1,0
BTC|ETH|NEO,600,5,0,0,0,0
BNB|BTC|WABI,61,281,79,26,156,1
BTC|ETH|TNT,100,288,186,28,0,0
BTC|ETH|OMG,500,52,30,11,0,0
BNB|TRX|WIN,0,0,0,11,461,112
BTC|BUSD|IDEX,0,0,0,100,472,3
AMB|BTC|ETH,108,344,80,41,0,0
BTC|BUSD|CELR,0,0,0,0,281,287
BTC|ETH|IOTA,498,35,5,7,18,4
BTC|ETH|LEND,105,167,196,98,0,0
BTC|ETH|XMR,327,229,2,5,1,0
BNB|BTC|IOST,0,0,182,152,229,0
ARK|BTC|ETH,227,279,45,9,0,0
AION|ETH|USDT,0,0,0,24,508,27
BTC|ETH|POE,126,58,313,55,0,0
AION|BNB|BTC,64,420,45,21,0,0
BTC|DATA|USDT,0,0,0,37,154,349
BTC|DLT|ETH,70,261,158,45,0,0
BNB|BTC|WTC,54,331,68,29,50,0
BTC|ETH|PPT,78,355,81,15,0,0
BTC|BTS|ETH,213,272,27,15,0,0
BTC|ETH|REQ,253,163,102,8,0,0
BTC|BUSD|ZIL,0,0,0,30,253,233
BEAM|BTC|USDT,0,0,26,60,418,11
BTC|ETH|STRAT,240,241,25,8,0,0
BTC|ETH|NAS,0,8,11,9,355,124
BTC|BUSD|DOGE,0,0,0,137,368,0
BTC|ETH|ZRX,227,250,0,8,16,1
BTC|DNT|ETH,192,260,36,13,0,0
BTC|TRX|USDC,0,0,26,99,210,160
BTC|ETH|NEBL,80,276,44,31,61,0
BTC|ETH|EVX,116,269,55,37,0,0
BTC|TRX|XRP,0,0,19,157,199,102
BNB|USDC|WIN,0,0,1,0,130,342
BTC|ETH|STORJ,156,246,24,24,2,0
BCC|BTC|USDT,435,15,0,0,0,0
ADX|BTC|ETH,49,132,13,93,157,1
BAT|BTC|ETH,91,334,2,2,13,0
BTC|ETH|GTO,113,224,50,53,0,0
BTC|ETH|KMD,156,232,14,10,22,2
BNB|BTC|IOTA,205,219,5,1,2,1
BTC|BUSD|SYS,0,0,0,48,382,2
BTC|ENJ|ETH,126,256,15,22,8,1
BTC|CHR|USDT,0,0,0,95,321,0
BNB|COS|USDT,0,0,12,18,382,2
BLZ|BTC|ETH,0,214,72,81,35,4
BUSD|USDT|WING,0,0,0,92,267,45
BTC|CMT|ETH,36,173,17,103,73,0
BTC|ETH|XZC,143,156,32,57,10,0
BNB|BTC|XLM,200,190,2,2,1,0
BNB|EUR|WIN,0,0,0,0,158,235
BTC|ETH|MTL,155,181,27,5,17,8
BTC|DATA|ETH,0,75,101,128,60,28
ETH|NULS|USDT,0,54,138,198,0,0
BNB|ETH|VET,0,118,271,1,0,0
BNB|BRL|WIN,0,0,0,0,172,214
BNB|BTC|CHZ,0,0,107,147,129,0
AST|BTC|ETH,127,175,33,41,0,0
BNB|BTC|WAVES,45,298,11,11,11,0
BUSD|DEGO|USDT,0,0,0,0,28,344
BUSD|TRB|USDT,0,0,0,71,292,4
BTC|BUSD|RVN,0,0,0,36,231,100
BUSD|HARD|USDT,0,0,0,65,288,12
BTC|USDT|WTC,0,0,0,46,310,7
BCD|BTC|ETH,130,109,80,37,0,0
BRD|BTC|ETH,14,204,21,12,37,62
BTC|ETH|OAX,75,214,47,12,0,0
BTC|CHZ|TRY,0,0,0,0,342,0
BTC|ETH|LOOM,0,49,28,53,172,28
BTC|ELF|ETH,42,142,15,73,51,3
BTC|ETH|MANA,72,156,34,45,15,0
BTC|ETH|ZEC,165,154,0,0,2,0
BTC|BUSD|JST,0,0,0,19,205,90
BNB|ETH|IOTA,144,159,2,0,6,0
BTC|DASH|ETH,187,116,0,0,3,0
BTC|EOS|ETH,296,0,0,0,0,0
BNB|ETH|XLM,143,138,3,1,4,0
AION|BNB|ETH,46,211,19,8,0,0
BNB|BTC|LTC,164,117,1,1,0,0
BTC|ETH|XLM,278,1,0,0,0,0
BTC|ETC|ETH,208,48,0,0,2,0
BTC|ETH|WAVES,98,150,1,3,2,3
BTC|DGD|ETH,47,148,54,7,0,0
BTC|EUR|VET,0,0,0,0,24,231
BUSD|DATA|USDT,0,0,0,22,222,9
ARPA|BNB|BTC,0,0,7,54,186,5
BNB|BTC|MATIC,0,0,192,40,18,0
BNB|ETH|WTC,30,204,11,0,0,0
BNB|ETH|WABI,43,177,25,0,0,0
LINK|TUSD|USDT,0,0,126,32,86,0
BTC|BUSD|DATA,0,0,0,25,144,73
BTC|ETH|GXS,100,119,16,2,3,0
ARPA|BTC|TRY,0,0,0,0,102,136
BTC|BUSD|VIDT,0,0,0,96,129,11
BTC|ETH|PIVX,0,97,22,7,109,0
BNT|BTC|ETH,90,91,11,28,13,2
BTC|NKN|USDT,0,0,9,66,152,6
BNB|OGN|USDT,0,0,0,16,206,6
BAT|BNB|BTC,30,183,5,0,6,0
BTCST|BUSD|USDT,0,0,0,0,203,19
BUSD|PSG|USDT,0,0,0,12,194,15
BNB|BTC|EOS,0,13,0,1,204,0
BNB|COCOS|USDT,0,0,29,50,123,14
BTC|RVN|TRY,0,0,0,0,86,129
BNB|BTC|WAN,0,153,50,5,5,0
BTT|USDC|USDT,0,0,92,23,97,0
BNB|BTC|RVN,0,69,31,45,65,0
BNB|BTC|USDT,193,8,0,0,0,0
BNB|LTC|USDT,86,113,0,0,0,0
BUSD|UNFI|USDT,0,0,0,75,117,5
BNB|BTC|FTM,0,0,20,149,25,0
BLZ|BNB|BTC,0,127,38,14,12,0
BNB|ETH|USDT,182,5,0,0,0,0
BTC|ETH|STEEM,0,77,37,26,45,1
BNB|EOS|ETH,0,9,0,0,173,0
BTC|BUSD|TRB,0,0,0,58,121,2
BTC|BUSD|WING,0,0,0,78,87,16
BTC|HBAR|USDT,0,0,10,107,62,0
BTC|LINK|TUSD,0,0,97,28,52,0
BNB|EOS|USDT,0,11,1,0,163,1
BNB|ETH|LTC,108,67,0,0,0,0
BNB|BTC|PERL,0,0,5,32,101,37
ETH|HOT|TRY,0,0,0,0,26,149
BNB|ETH|HOT,0,0,20,19,126,5
BNB|BTC|ONT,0,152,4,3,10,0
BTT|TUSD|USDT,0,0,52,14,103,0
BTC|TRY|VET,0,0,0,0,47,116
LINK|USDC|USDT,0,0,145,17,0,0
BNB|BTC|NEO,71,89,0,1,0,1
BUSD|ETH|SLP,0,0,0,0,21,140
BUSD|STRAX|USDT,0,0,0,6,150,4
BNB|BUSD|EOS,0,0,0,3,154,1
BNB|BTC|ENJ,0,62,49,31,14,2
AVA|BUSD|USDT,0,0,0,5,142,7
BTC|DOGE|EUR,0,0,0,0,153,0
ANKR|BNB|USDT,0,0,14,90,29,18
BTC|ETH|RLC,0,75,55,10,3,2
BNB|ETH|NEO,59,72,6,2,1,0
ETH|NEO|USDT,107,30,0,1,0,0
BTC|DUSK|USDT,0,0,17,64,56,0
AION|BTC|USDT,0,0,0,16,32,89
BAT|BNB|ETH,8,119,5,2,2,0
USDC|USDT|ZEC,0,0,6,63,38,28
BEL|BUSD|USDT,0,0,0,41,89,4
BTC|LINK|USDC,0,0,121,13,0,0
BLZ|BNB|ETH,0,102,14,3,15,0
BNB|BUSD|CAKE,0,0,0,111,22,0
BNB|ETH|WAVES,22,94,7,2,4,3
BNB|BTC|OGN,0,0,0,19,110,2
BTC|ETH|GNT,0,59,32,39,0,0
BTC|BUSD|HARD,0,0,0,43,85,2
BNB|TROY|USDT,0,0,22,55,46,7
BTC|DNT|USDT,0,0,0,25,15,89
BTC|ETH|XRP,128,0,0,0,0,0
AUDIO|BUSD|USDT,0,0,0,9,71,48
BTC|SAND|USDT,0,0,0,44,82,0
BNB|NEO|USDT,53,72,0,1,0,0
BTC|NEO|USDT,105,18,0,0,0,0
BTC|ROSE|USDT,0,0,0,19,100,3
BTC|NULS|USDT,0,56,26,19,13,8
ADA|BTC|ETH,120,2,0,0,0,0
ADA|TUSD|USDT,0,0,4,35,78,3
DAI|ETH|USDT,0,0,0,119,0,0
BTC|ETH|THETA,0,36,20,59,4,0
BNB|ETH|WAN,0,97,13,1,7,0
BTC|NGN|USDT,0,0,0,54,60,4
BNB|BTC|THETA,0,61,23,18,15,1
ETH|THETA|USDT,0,0,19,89,7,0
BUSD|CTSI|USDT,0,0,0,29,86,0
BNB|MITH|USDT,0,0,65,15,27,7
BTC|CVC|ETH,0,32,29,16,32,0
BTC|BUSD|MATIC,0,0,0,34,74,0
BTC|DOGE|TRY,0,0,0,0,108,0
BNB|BUSD|XRP,0,0,0,3,104,0
BTC|ETH|ZEN,0,24,51,25,5,0
BTC|ETH|REP,0,22,29,35,19,0
BUSD|CELR|USDT,0,0,0,0,104,0
BNB|BTC|XRP,0,21,0,1,81,0
BNB|ETH|ONT,0,98,1,1,1,0
AE|BTC|ETH,0,51,21,28,0,0
ATOM|USDC|USDT,0,0,28,19,53,0
BTC|BUSD|RUNE,0,0,0,99,0,0
BTC|BUSD|UNFI,0,0,0,44,54,1
BTC|CTSI|USDT,0,0,0,52,45,1
BNB|CELR|USDT,0,0,12,33,44,7
BTC|DAI|USDT,0,0,0,96,0,0
BNB|BTC|ZEN,0,50,25,12,9,0
BNB|ETH|ZIL,0,77,14,1,2,0
BTC|BUSD|FXS,0,0,0,0,84,10
BUSD|DODO|USDT,0,0,0,0,5,89
DATA|ETH|USDT,0,0,0,32,43,17
AVA|BTC|BUSD,0,0,0,45,46,1
BNB|USDT|XRP,0,17,0,1,73,0
BTC|BUSD|PSG,0,0,0,8,78,3
ARDR|BTC|USDT,0,0,0,23,65,0
BNB|ETH|SC,0,32,39,4,11,0
BNB|ETH|MFT,0,29,35,5,16,0
BTC|BUSD|CTSI,0,0,0,19,63,0
ATOM|BTC|USDC,0,0,29,15,38,0
BTC|EUR|TRX,0,0,0,0,45,37
BUSD|SLP|USDT,0,0,0,0,22,58
BTC|USDC|ZEC,0,0,8,33,19,20
BTC|ETH|ICX,65,3,5,3,1,2
ETH|FUN|USDT,0,0,11,21,45,2
BTC|BUSD|ROSE,0,0,0,1,77,1
ALPHA|BUSD|USDT,0,0,0,35,43,0
BTC|USDT|WING,0,0,0,11,50,16
BNB|EUR|XRP,0,0,0,3,74,0
BUSD|DIA|USDT,0,0,0,33,24,19
ADA|BTC|TUSD,0,0,2,21,49,3
BNB|BTC|RUNE,0,0,0,68,7,0
BTC|KMD|USDT,0,0,0,14,56,4
BUSD|USDT|YFII,0,0,0,73,0,1
BTC|REP|USDT,0,0,0,49,16,8
BTC|COTI|USDT,0,0,0,33,40,0
ETH|LINK|TUSD,0,0,20,17,36,0
BTC|TRX|TUSD,0,0,6,39,21,7
BNB|ICX|USDT,0,45,16,8,4,0
PAX|USDT|XRP,0,1,1,39,32,0
BTC|PAX|TRX,0,0,7,42,23,0
BNB|PERL|USDT,0,0,4,9,49,10
BUSD|FIO|USDT,0,0,0,1,67,3
BUSD|CKB|USDT,0,0,0,0,54,17
BTC|ETH|WAN,0,33,17,10,8,2
CVC|ETH|USDT,0,0,8,15,44,1
BNB|ENJ|ETH,0,23,32,6,5,0
BLZ|ETH|USDT,0,0,0,11,54,1
ETH|MTL|USDT,0,0,9,8,32,16
BTC|ETH|XEM,0,21,31,4,8,0
ETH|MFT|USDT,0,0,16,19,19,9
BNB|BTC|CTSI,0,0,0,23,40,0
BNB|USDT|WRX,0,0,0,10,35,18
BTC|MTL|USDT,0,0,18,25,18,1
BTC|BUSD|YFII,0,0,0,60,0,2
BTC|USDT|XEM,0,0,0,1,8,52
BTC|LSK|USDT,0,0,0,46,7,8
BUSD|USDT|WRX,0,0,0,3,7,51
BUSD|ETH|HOT,0,0,0,0,10,49
BNB|BTC|WRX,0,0,0,8,47,4
ETH|LINK|USDC,0,0,47,10,0,0
BUSD|TKO|USDT,0,0,0,0,15,42
BNB|ETH|XRP,0,10,0,0,47,0
BAND|BTC|USDT,0,0,30,27,0,0
EOS|TUSD|USDT,0,3,8,11,34,0
BTC|DCR|USDT,0,0,0,40,5,11
BEL|BTC|BUSD,0,0,0,30,24,1
BTC|RLC|USDT,0,0,27,28,0,0
BTC|ONG|USDT,0,0,29,19,6,1
BNB|BTC|CHR,0,0,0,25,30,0
BNB|TRY|XRP,0,0,0,7,48,0
BTT|BUSD|USDC,0,0,0,0,55,0
BTC|CVC|USDT,0,0,28,23,0,4
ENJ|ETH|USDT,0,0,25,24,3,2
BTC|USDT|WAN,0,0,37,11,6,0
BTC|FLM|USDT,0,0,0,2,2,49
BUSD|INJ|USDT,0,0,0,7,38,8
BTC|LTO|USDT,0,0,0,38,12,3
BNB|FET|USDT,0,0,19,10,9,13
BNB|GBP|XRP,0,0,0,0,51,0
USDC|USDT|WIN,0,0,17,22,12,0
BNB|CHZ|USDT,0,0,17,26,8,0
BTC|PNT|USDT,0,0,0,22,22,7
BNB|THETA|USDT,0,0,17,19,15,0
BNB|BTC|HBAR,0,0,17,14,14,6
BTC|NANO|USDT,0,0,28,22,1,0
TUSD|USDT|XRP,0,4,7,15,21,4
ETH|LTC|USDT,42,8,0,0,0,0
ADA|ETH|TUSD,0,0,1,10,35,3
BNB|ENJ|USDT,0,0,9,21,18,1
BUSD|SUPER|USDT,0,0,0,0,46,3
BNB|TUSD|USDT,0,0,3,22,24,0
BTC|TOMO|USDT,0,0,27,16,1,5
ALPHA|BTC|BUSD,0,0,0,25,24,0
ETH|KEY|USDT,0,0,12,9,19,8
BNB|BUSD|RUNE,0,0,0,39,9,0
BTC|FET|USDT,0,0,9,32,6,0
BTC|USDT|YFII,0,0,0,0,0,47
BTC|BUSD|DIA,0,0,0,34,9,4
BTC|PAX|XRP,0,1,1,29,16,0
BNB|BTC|FET,0,0,12,10,17,8
BTC|ENJ|USDT,0,0,29,17,0,0
BNB|HOT|USDT,0,0,15,20,9,2
BTC|BUSD|FIO,0,0,0,11,25,10
BUSD|DATA|ETH,0,0,0,6,37,3
BNB|CTSI|USDT,0,0,0,28,18,0
BUSD|USDT|XVS,0,0,0,10,20,15
BUSD|LRC|USDT,0,0,0,15,30,0
BTC|FIO|USDT,0,0,0,5,17,23
ETH|IOTX|USDT,0,0,4,28,13,0
BTC|CTXC|USDT,0,0,16,11,18,0
ETH|LSK|USDT,0,0,0,15,13,17
BNB|SAND|USDT,0,0,0,17,28,0
BTC|BUSD|KSM,0,0,0,45,0,0
BTC|BUSD|STRAX,0,0,0,4,39,1
BNB|BTT|USDC,0,0,17,1,26,0
BTC|BTG|USDT,0,0,0,0,37,7
BUSD|USDT|XVG,0,0,0,0,7,36
BNB|ONT|USDT,0,33,7,2,1,0
BNB|MBL|USDT,0,0,0,21,18,3
LTC|TUSD|USDT,0,0,5,14,23,0
BTC|ORN|USDT,0,0,0,19,16,7
BUSD|DGB|USDT,0,0,0,16,26,0
BUSD|KSM|USDT,0,0,0,42,0,0
BNB|BTC|FIL,0,0,0,8,0,33
BTC|ONT|USDT,0,1,0,3,37,0
BTC|GXS|USDT,0,0,0,17,24,0
BTC|STX|USDT,0,0,14,24,2,0
BTC|DOGE|GBP,0,0,0,0,40,0
BTC|PSG|USDT,0,0,0,5,28,7
ADA|USDC|USDT,0,0,8,29,3,0
ETH|LRC|USDT,0,0,0,31,9,0
BTC|USDT|WRX,0,0,0,8,15,16
BNB|CTK|USDT,0,0,0,14,12,13
AXS|BNB|USDT,0,0,0,13,26,0
AUDIO|BTC|BUSD,0,0,0,6,31,2
BUSD|USDT|YFI,0,0,0,39,0,0
BUSD|POND|USDT,0,0,0,0,39,0
BNB|BTC|COTI,0,0,0,16,18,5
BUSD|CTK|USDT,0,0,0,26,6,7
BTC|EOS|TUSD,0,0,6,5,28,0
BNB|ETH|THETA,0,14,16,3,6,0
BNB|BTC|ETC,0,23,5,1,10,0
BNB|COTI|USDT,0,0,0,14,11,13
BTC|BTCST|BUSD,0,0,0,0,31,7
AUDIO|BTC|USDT,0,0,0,17,21,0
BNB|MATIC|USDT,0,0,29,1,7,0
BNB|EOS|EUR,0,0,0,0,36,1
BUSD|USDC|ZEC,0,0,0,0,17,19
BTC|THETA|USDT,0,0,28,8,0,0
BTC|BUSD|NMR,0,0,0,31,2,3
BTC|EUR|LUNA,0,0,0,0,5,30
ETH|REP|USDT,0,0,0,17,18,0
BNB|MFT|USDT,0,0,5,12,18,0
BNB|BTC|TUSD,0,0,3,14,16,2
BNT|BTC|USDT,0,0,0,35,0,0
BNB|FIL|USDT,0,0,0,9,0,26
ATOM|BUSD|USDC,0,0,0,0,34,0
BNB|TRX|XRP,0,0,1,4,29,0
BTC|REN|USDT,0,0,24,9,0,1
BTC|TUSD|XRP,0,0,6,11,13,4
BNB|USDT|WTC,0,0,0,15,19,0
BAL|BTC|BUSD,0,0,0,32,1,0
BNB|BTC|LUNA,0,0,0,5,0,28
ETH|STMX|USDT,0,0,0,12,15,6
BTC|BUSD|HBAR,0,0,0,9,21,3
BLZ|BNB|USDT,0,0,0,9,24,0
BNB|HBAR|USDT,0,0,8,5,19,1
BUSD|NMR|USDT,0,0,0,21,7,5
BNB|BUSD|FIL,0,0,0,1,0,31
BTC|LUNA|USDT,0,0,0,1,0,31
BTC|ETH|NANO,0,12,8,7,5,0
BTC|ETH|LTC,30,2,0,0,0,0
BEL|BNB|BUSD,0,0,0,17,11,4
ADA|BNB|USDT,0,5,27,0,0,0
ETH|PAX|XRP,0,0,0,17,15,0
BTC|BUSD|INJ,0,0,0,7,24,1
BNB|BTC|SAND,0,0,0,16,16,0
BUSD|OMG|USDT,0,0,0,0,32,0
BNB|FTT|USDT,0,0,0,7,24,0
ETH|KMD|USDT,0,0,0,1,24,6
AR|BUSD|USDT,0,0,0,0,31,0
ETH|IOTA|USDT,0,5,1,6,13,6
BNB|USDT|ZIL,0,0,23,6,1,0
BUSD|LIT|USDT,0,0,0,0,27,3
BNT|ETH|USDT,0,0,0,13,11,6
BTC|BUSD|OCEAN,0,0,0,30,0,0
ETH|USDT|WAN,0,0,14,8,8,0
ETH|MANA|USDT,0,0,0,15,15,0
BNB|ETH|ZEN,0,13,7,7,2,0
BNB|BTC|DASH,0,0,15,5,7,2
TRX|USDC|WIN,0,0,0,4,25,0
ADA|BTC|USDC,0,0,9,17,2,0
AXS|BNB|BTC,0,0,0,10,18,0
LAZIO|TRY|USDT,0,0,0,0,2,26
BNB|ETC|USDT,0,19,8,0,1,0
BUSD|TWT|USDT,0,0,0,0,27,0
BNB|USDT|WAVES,0,0,11,9,7,0
BUSD|USDC|WIN,0,0,0,0,26,1
BTC|STRAX|USDT,0,0,0,3,23,1
BNB|DAI|USDT,0,0,0,27,0,0
BTC|LTC|USDT,24,3,0,0,0,0
BAND|BUSD|USDT,0,0,0,0,27,0
EUR|SXP|USDT,0,0,0,0,0,27
PAX|TRX|USDT,0,0,7,2,18,0
BUSD|LINA|USDT,0,0,0,0,25,1
BTC|OMG|USDT,0,0,24,2,0,0
BNB|FTM|USDT,0,0,9,11,6,0
BTC|BUSD|YFI,0,0,0,26,0,0
BTT|TRX|USDC,0,0,2,10,13,0
BNB|BTT|TUSD,0,0,8,0,17,0
BTC|BUSD|SAND,0,0,0,16,9,0
BTC|LTC|TUSD,0,0,6,6,13,0
ADA|BNB|TUSD,0,0,6,8,8,3
TRX|TUSD|USDT,0,0,4,7,14,0
BUSD|JST|USDT,0,0,0,24,1,0
BUSD|SAND|USDT,0,0,0,20,4,0
BNB|PAX|USDT,0,0,3,11,10,0
BNB|ONE|USDT,0,0,3,19,0,2
BNB|EOS|USDC,0,0,4,6,14,0
BNB|BUSD|WRX,0,0,0,2,19,3
BNB|ETH|TUSD,0,0,3,9,12,0
TRX|USDT|WIN,0,0,2,15,6,0
BTC|EUR|SXP,0,0,0,1,1,21
BTC|HIVE|USDT,0,0,0,7,12,4
ETH|NANO|USDT,0,0,13,9,1,0
ADA|BNB|BTC,0,4,19,0,0,0
BTC|ETH|ONT,0,15,0,3,5,0
BNB|IOTA|USDT,0,14,5,2,0,2
BUSD|OCEAN|USDT,0,0,0,21,2,0
BNB|RUNE|USDT,0,0,0,12,10,0
AXS|BNB|BUSD,0,0,0,5,17,0
BNB|EOS|TUSD,0,0,2,5,15,0
ETH|LINK|USDT,0,0,22,0,0,0
ETH|RLC|USDT,0,0,5,11,5,1
ETH|TUSD|XRP,0,0,3,7,11,1
BTC|BUSD|SOL,0,0,0,22,0,0
BNB|USDT|WIN,0,0,0,10,12,0
BNB|USDT|XVS,0,0,0,4,0,17
AR|BTC|USDT,0,0,0,0,21,0
ETH|USDC|ZEC,0,0,3,11,6,1
BNB|BTC|XTZ,0,0,11,1,4,5
BTC|EUR|YFI,0,0,0,0,20,1
BNB|BTC|ZEC,0,0,10,1,5,5
BNB|BTC|FTT,0,0,0,5,16,0
BAT|ETH|USDT,0,0,4,1,14,2
BUSD|EUR|GRT,0,0,0,0,14,7
ETH|GTO|USDT,0,0,5,16,0,0
TRX|USDT|XRP,0,0,1,3,17,0
AVA|BTC|USDT,0,0,0,3,17,1
BNB|BUSD|CTK,0,0,0,9,12,0
BTC|BTCST|USDT,0,0,0,0,11,10
BTC|EOS|USDC,0,0,10,7,1,2
BNB|TRY|USDT,0,0,0,18,2,0
EOS|USDC|USDT,0,0,11,8,1,0
BTC|RUB|XRP,0,0,0,16,2,2
ADA|ETH|USDC,0,0,6,12,2,0
EOS|ETH|TUSD,0,0,3,5,12,0
ETH|SLP|USDT,0,0,0,0,7,13
BUSD|TRX|XRP,0,0,0,4,16,0
BNB|BTC|CTK,0,0,0,5,7,8
BAND|BTC|BUSD,0,0,0,0,19,1
BTC|CTK|USDT,0,0,0,12,4,3
BTC|ETH|TRY,0,0,0,19,0,0
BNB|BTC|PAX,0,0,2,9,8,0
BTC|BUSD|WRX,0,0,0,2,7,10
EUR|USDT|YFI,0,0,0,0,19,0
BAT|BNB|USDT,0,0,12,2,5,0
BEL|BNB|BTC,0,0,0,7,10,2
BUSD|NANO|USDT,0,0,0,12,7,0
BTC|SKL|USDT,0,0,0,1,0,18
BEL|BNB|USDT,0,0,0,5,13,1
ETH|USDT|ZRX,0,0,2,6,7,4
BTC|USDT|YFI,0,0,0,19,0,0
BTC|BUSD|CTK,0,0,0,12,5,2
BLZ|BTC|USDT,0,0,0,7,9,2
BAKE|BUSD|USDT,0,0,0,0,1,17
BTC|DAI|ETH,0,0,0,18,0,0
BNT|BUSD|USDT,0,0,0,6,8,4
BUSD|EUR|YFI,0,0,0,0,17,1
BUSD|ETH|LRC,0,0,0,4,13,1
BTC|UNFI|USDT,0,0,0,2,11,5
BUSD|RUNE|USDT,0,0,0,18,0,0
BNB|EOS|TRY,0,0,0,0,18,0
BNB|USDT|XTZ,0,0,10,1,2,5
ETH|PAX|TRX,0,0,3,3,12,0
BNB|KAVA|USDT,0,0,3,5,6,4
BNB|BUSD|HBAR,0,0,0,1,16,1
ETH|GXS|USDT,0,0,0,10,8,0
BTC|BUSD|LRC,0,0,0,8,10,0
ETH|USDT|XVG,0,0,0,0,0,18
BNB|USDC|XRP,0,0,4,5,9,0
BUSD|SKL|USDT,0,0,0,2,15,0
BNB|CHR|USDT,0,0,0,8,9,0
BNB|BTC|XVS,0,0,0,4,5,8
ETH|TRY|USDT,0,0,0,15,2,0
BTC|BUSD|LIT,0,0,0,0,15,2
BUSD|ETH|XVG,0,0,0,0,9,8
BTC|USDT|UTK,0,0,0,10,5,2
BUSD|ETH|NANO,0,0,0,5,12,0
BNB|TUSD|XRP,0,0,3,8,4,2
AXS|BTC|USDT,0,0,0,12,5,0
TRX|USDC|USDT,0,0,8,6,3,0
RUB|USDT|XRP,0,0,0,13,3,1
ETH|LTC|TUSD,0,0,5,2,10,0
BUSD|DAI|ETH,0,0,0,17,0,0
ETH|QTUM|USDT,0,9,3,1,3,0
BNB|BUSD|SOL,0,0,0,13,3,0
BTC|LINK|USDT,0,0,16,0,0,0
BTC|NMR|USDT,0,0,0,11,2,3
BNB|BUSD|CTSI,0,0,0,5,11,0
BNB|BTC|DAI,0,0,0,16,0,0
BNB|USDT|ZEN,0,0,0,5,11,0
BNB|BTC|KAVA,0,0,1,7,7,1
ATOM|BNB|USDC,0,0,6,3,7,0
ADA|BNB|ETH,0,3,12,1,0,0
BTC|COMP|USDT,0,0,0,0,0,16
BRL|BTC|DOGE,0,0,0,0,15,0
EOS|ETH|USDC,0,0,8,6,1,0
BNB|BUSD|SAND,0,0,0,7,8,0
BTC|TRY|XRP,0,0,0,12,2,1
ETH|RUB|USDT,0,0,0,10,5,0
AR|BTC|BUSD,0,0,0,0,15,0
BTC|BUSD|OMG,0,0,0,0,15,0
BTC|BUSD|CRV,0,0,0,13,2,0
BTC|BUSD|ONT,0,0,0,4,11,0
BTC|BUSD|XVS,0,0,0,7,5,3
BNB|BTC|USDC,0,0,6,4,5,0
TRY|USDT|XRP,0,0,0,11,3,1
BRL|BUSD|WIN,0,0,0,0,13,2
AION|BNB|USDT,0,0,0,14,0,0
ETH|OMG|USDT,0,0,2,11,0,1
BTC|UAH|USDT,0,0,0,7,3,4
BUSD|ETH|IOTA,0,0,0,1,11,2
BUSD|ETH|KNC,0,0,0,3,10,1
BTC|USDT|ZEN,0,0,0,14,0,0
ETH|TRX|XRP,0,0,0,4,10,0
BUSD|EUR|WIN,0,0,0,0,13,1
BUSD|EUR|SXP,0,0,0,0,1,13
BNB|IOST|USDT,0,0,7,4,3,0
EUR|GRT|USDT,0,0,0,0,5,9
BNB|ETC|ETH,0,6,2,0,6,0
BNB|DASH|USDT,0,0,2,4,8,0
TRX|TRY|XRP,0,0,0,0,14,0
BTC|OGN|USDT,0,0,0,14,0,0
BNB|USDC|USDT,0,0,4,5,5,0
BTC|HARD|USDT,0,0,0,0,11,2
BUSD|ROSE|USDT,0,0,0,1,12,0
BTC|OCEAN|USDT,0,0,0,13,0,0
BUSD|ETH|MANA,0,0,0,4,9,0
ANT|BTC|BUSD,0,0,0,12,1,0
BTC|EUR|XRP,0,0,0,13,0,0
BNB|USDT|WAN,0,0,3,3,7,0
BNB|INJ|USDT,0,0,0,2,11,0
BTC|BUSD|NANO,0,0,0,13,0,0
BNB|STX|USDT,0,0,4,8,1,0
ANT|BUSD|USDT,0,0,0,9,4,0
ADA|BNB|USDC,0,0,7,5,1,0
BNB|SRM|USDT,0,0,0,2,9,2
BUSD|TLM|USDT,0,0,0,0,3,10
BTC|CRV|USDT,0,0,0,11,2,0
BNB|SC|USDT,0,0,0,2,11,0
ETH|USDT|ZIL,0,0,11,2,0,0
BUSD|EGLD|EUR,0,0,0,0,13,0
BNB|LTC|TUSD,0,0,5,4,4,0
BNB|BTC|STX,0,0,5,6,2,0
BUSD|FTM|USDT,0,0,0,0,13,0
BTC|BUSD|SKL,0,0,0,2,9,2
BNB|EUR|USDT,0,0,0,12,0,0
BUSD|MIR|USDT,0,0,0,0,2,10
BNB|ETH|USDC,0,0,7,2,3,0
BNT|BTC|BUSD,0,0,0,10,1,1
BNB|USDT|ZEC,0,0,0,3,6,3
ETH|ICX|USDT,0,1,6,1,0,4
ETH|KNC|USDT,0,0,0,2,9,1
BTC|RUNE|USDT,0,0,0,11,1,0
BNB|BUSD|XVS,0,0,0,2,1,9
BNB|BUSD|ENJ,0,0,0,4,7,1
ETH|USDT|ZEN,0,0,0,7,5,0
BTC|ETH|RUB,0,0,0,12,0,0
ARPA|BNB|USDT,0,0,0,3,8,1
ETH|SC|USDT,0,0,0,3,2,7
BNB|BUSD|WAVES,0,0,0,6,4,2
EUR|USDT|XRP,0,0,0,11,0,0
BNB|BTC|EUR,0,0,0,11,0,0
ETH|STORJ|USDT,0,0,0,11,0,0
BNB|DAI|ETH,0,0,0,11,0,0
BNB|ETH|PAX,0,0,2,2,7,0
BTC|BUSD|COMP,0,0,0,4,0,7
BNB|IDRT|USDT,0,0,0,9,2,0
BTC|RUB|USDT,0,0,0,9,2,0
BUSD|FTT|USDT,0,0,0,0,11,0
BUSD|ENJ|ETH,0,0,0,7,4,0
BUSD|RUB|USDT,0,0,0,7,4,0
BNB|BTC|SRM,0,0,0,2,4,5
BUSD|ETH|ZRX,0,0,0,0,9,2
BTC|LRC|USDT,0,0,0,11,0,0
BTC|BUSD|ENJ,0,0,0,10,0,0
BTC|ETH|EUR,0,0,0,10,0,0
ENJ|EUR|USDT,0,0,0,0,9,1
BNB|BUSD|ICX,0,0,0,3,7,0
BNB|BTC|TRY,0,0,0,10,0,0
BTC|TRY|USDT,0,0,0,10,0,0
BUSD|IOST|USDT,0,0,0,0,10,0
BTC|ICX|USDT,0,3,6,0,0,1
AAVE|BNB|USDT,0,0,0,5,5,0
BTC|KAVA|USDT,0,0,3,7,0,0
BTC|LIT|USDT,0,0,0,0,5,5
ETH|IOST|USDT,0,0,2,6,2,0
BNB|BUSD|XTZ,0,0,0,6,3,1
BNB|BTC|RUB,0,0,0,9,0,1
BNT|BUSD|ETH,0,0,0,5,5,0
BNB|BUSD|DASH,0,0,0,3,5,1
BNB|ETH|TRY,0,0,0,9,0,0
BUSD|SFP|USDT,0,0,0,0,9,0
BTC|ETH|WBTC,0,0,0,7,2,0
BTC|DIA|USDT,0,0,0,4,2,3
PAX|TRX|XRP,0,0,3,6,0,0
BTC|USDT|WAVES,0,0,7,2,0,0
BTC|USDC|XRP,0,0,6,2,1,0
BNB|BTC|EGLD,0,0,0,0,2,7
TRX|USDC|XRP,0,0,1,7,1,0
BTC|BUSD|RUB,0,0,0,6,3,0
BUSD|REEF|USDT,0,0,0,0,1,8
BNB|BTC|SOL,0,0,0,8,1,0
BCH|USDC|USDT,0,0,0,0,7,2
BNB|USDT|XLM,0,6,2,0,0,1
BUSD|TRX|WIN,0,0,0,0,9,0
BTC|FIL|USDT,0,0,0,0,0,9
BUSD|ENJ|USDT,0,0,0,8,1,0
ETH|USDT|WTC,0,0,0,3,6,0
BUSD|ICX|USDT,0,0,0,7,0,2
BCH|BNB|USDC,0,0,0,1,4,4
BTT|TRX|TUSD,0,0,1,5,3,0
BNB|BTC|INJ,0,0,0,2,6,1
BTC|BUSD|ICX,0,0,0,6,0,2
ETH|TRX|TUSD,0,0,1,0,6,1
ALGO|BTC|USDT,0,0,8,0,0,0
ALGO|BNB|BTC,0,0,2,0,6,0
BTC|BUSD|FIL,0,0,0,3,0,5
BNB|TRX|USDC,0,0,1,5,2,0
BNB|TRX|TUSD,0,0,2,5,1,0
BUSD|TOMO|USDT,0,0,0,3,5,0
BAL|BUSD|USDT,0,0,0,6,1,1
BNB|BUSD|SRM,0,0,0,3,4,1
BNB|LTC|USDC,0,0,4,3,1,0
BUSD|ENJ|EUR,0,0,0,0,8,0
BUSD|ETH|ICX,0,0,0,2,4,2
BCH|BTC|USDC,0,0,0,0,5,3
ETH|USDT|XMR,0,0,1,5,2,0
BCH|BUSD|USDC,0,0,0,0,6,2
EGLD|EUR|USDT,0,0,0,0,8,0
BTC|ICP|USDT,0,0,0,0,0,8
ETH|USDT|XEM,0,0,0,0,8,0
BNB|BUSD|ONE,0,0,0,2,4,2
BTC|INJ|USDT,0,0,0,7,1,0
BTC|QTUM|USDT,0,4,4,0,0,0
ETH|RUB|XRP,0,0,0,2,6,0
BNB|DASH|ETH,0,0,2,3,3,0
BTC|UMA|USDT,0,0,0,3,4,1
AAVE|BNB|ETH,0,0,0,3,4,0
BUSD|ONT|USDT,0,0,0,7,0,0
EUR|LUNA|USDT,0,0,0,0,7,0
BTC|BUSD|DAI,0,0,0,7,0,0
AAVE|BNB|BTC,0,0,0,3,4,0
ANT|BTC|USDT,0,0,0,7,0,0
BUSD|RSR|USDT,0,0,0,6,0,1
BUSD|ONE|USDT,0,0,0,1,6,0
ALPHA|BTC|USDT,0,0,0,5,1,1
BNB|BUSD|DOT,0,0,0,7,0,0
BNB|ETH|IOST,0,0,1,1,5,0
BNB|ETH|XMR,0,0,0,4,3,0
BTC|HNT|USDT,0,0,0,2,5,0
BRL|BUSD|USDT,0,0,0,1,6,0
BTC|SXP|TRY,0,0,0,1,3,3
BUSD|DOT|USDT,0,0,0,7,0,0
BTC|EUR|GRT,0,0,0,0,4,3
ATOM|BNB|BUSD,0,0,0,5,1,1
BTC|TUSD|USDT,0,0,0,0,3,4
ETH|TRX|USDC,0,0,2,4,1,0
ETH|USDT|VET,0,6,1,0,0,0
TRX|TUSD|XRP,0,0,0,1,4,2
USDC|USDT|XRP,0,0,3,2,1,0
BTC|USDT|XVS,0,0,0,2,3,1
BNB|BUSD|MATIC,0,0,0,1,5,0
BTC|MANA|USDT,0,0,0,6,0,0
BTC|LTC|USDC,0,0,6,0,0,0
LTC|USDC|USDT,0,0,5,1,0,0
ETH|USDT|WAVES,0,0,5,0,1,0
ETH|TRY|XRP,0,0,0,6,0,0
AUD|BNB|USDT,0,0,0,2,4,0
AUD|BNB|XRP,0,0,0,0,6,0
AUD|BTC|USDT,0,0,0,6,0,0
AVAX|BUSD|EUR,0,0,0,0,6,0
AVAX|BUSD|USDT,0,0,0,6,0,0
AXS|BTC|BUSD,0,0,0,1,5,0
BAT|BNB|BUSD,0,0,0,3,3,0
BAT|BUSD|USDT,0,0,0,6,0,0
BIDR|ETH|USDT,0,0,0,6,0,0
BUSD|TRY|XRP,0,0,0,3,2,1
BUSD|TRY|USDT,0,0,0,6,0,0
BNB|BTC|XMR,0,0,1,4,1,0
BNB|BTT|BUSD,0,0,0,4,2,0
BNB|BTT|TRX,0,0,2,0,4,0
BTC|EGLD|EUR,0,0,0,0,6,0
BUSD|RUB|XRP,0,0,0,2,3,1
BNB|BUSD|EUR,0,0,0,6,0,0
BNB|BUSD|INJ,0,0,0,2,3,1
BUSD|NEO|USDT,0,0,0,6,0,0
BNB|BUSD|SUSHI,0,0,0,5,1,0
BNB|EGLD|USDT,0,0,0,0,1,5
BNB|ETH|EUR,0,0,0,6,0,0
BNB|ETH|ZEC,0,0,1,1,4,0
BNB|EUR|SXP,0,0,0,0,0,6
BNB|PAX|XRP,0,1,4,1,0,0
BNB|RUB|USDT,0,0,0,6,0,0
BUSD|CRV|USDT,0,0,0,6,0,0
BTC|SOL|TRY,0,0,0,0,6,0
BTS|ETH|USDT,0,0,0,6,0,0
BTC|STORJ|USDT,0,0,0,6,0,0
BRL|BTC|ETH,0,0,0,6,0,0
BTC|BUSD|KNC,0,0,0,6,0,0
BTC|MATIC|TRY,0,0,0,0,5,0
BTC|EUR|USDT,0,0,0,5,0,0
BUSD|ETH|OMG,0,0,0,0,5,0
BNB|BUSD|ZEC,0,0,0,5,0,0
AAVE|BTC|ETH,0,0,0,5,0,0
BNB|BUSD|TRY,0,0,0,3,2,0
BNB|BUSD|TRX,0,0,0,5,0,0
BNB|BUSD|SXP,0,0,0,5,0,0
BTC|BUSD|MANA,0,0,0,4,1,0
BTC|BUSD|LUNA,0,0,0,5,0,0
SOL|TRY|USDT,0,0,0,0,5,0
BUSD|KNC|USDT,0,0,0,5,0,0
BNB|BUSD|RVN,0,0,0,1,4,0
BUSD|NEAR|USDT,0,0,0,1,4,0
EUR|TRX|WIN,0,0,0,0,4,1
BNB|BUSD|IOST,0,0,0,0,5,0
ALGO|BNB|BUSD,0,0,0,3,2,0
BTC|BUSD|FTM,0,0,0,0,5,0
BNB|BUSD|ETH,0,0,0,5,0,0
BTC|BUSD|DOT,0,0,0,5,0,0
BNB|BUSD|ETC,0,0,0,1,4,0
ETH|USDC|XRP,0,0,4,1,0,0
BTC|ETH|TUSD,0,0,1,0,2,2
DASH|ETH|USDT,0,0,0,0,3,2
AUD|BNB|BTC,0,0,0,2,3,0
BTC|IDEX|USDT,0,0,0,0,1,4
BNB|RVN|USDT,0,0,1,1,3,0
AUD|BTC|DOGE,0,0,0,0,5,0
BEL|BTC|USDT,0,0,0,3,2,0
BUSD|DAI|USDT,0,0,0,2,3,0
BUSD|COMP|USDT,0,0,0,5,0,0
BRL|BUSD|DOT,0,0,0,0,3,2
BCH|BNB|USDT,0,0,2,3,0,0
AUD|USDT|XRP,0,0,0,0,5,0
ETH|EUR|USDT,0,0,0,5,0,0
AVAX|BNB|BUSD,0,0,0,3,2,0
BNB|USDC|ZEC,0,0,0,4,1,0
BRL|BTC|USDT,0,0,0,4,1,0
BTC|BUSD|TOMO,0,0,0,2,1,2
ETH|LTC|USDC,0,0,4,1,0,0
BTC|BUSD|TRY,0,0,0,5,0,0
BAL|BTC|USDT,0,0,0,5,0,0
AXS|BUSD|USDT,0,0,0,2,3,0
BUSD|ETH|RUB,0,0,0,2,3,0
BRL|BTC|BUSD,0,0,0,1,3,0
BNB|USDT|XMR,0,0,0,2,2,0
AVAX|BNB|USDT,0,0,0,4,0,0
BTC|USDT|XTZ,0,0,4,0,0,0
BAT|BUSD|ETH,0,0,0,1,3,0
BTC|OXT|USDT,0,0,0,0,2,2
BNB|TRX|USDT,0,4,0,0,0,0
ETH|GBP|LINK,0,0,0,0,4,0
BCH|BNB|BTC,0,0,2,2,0,0
AVAX|BNB|BTC,0,0,0,3,1,0
AUD|BUSD|XRP,0,0,0,1,3,0
AUD|BUSD|ETH,0,0,0,2,2,0
EOS|EUR|USDT,0,0,0,0,3,1
BNB|SUSHI|USDT,0,0,0,4,0,0
BCH|BTC|BUSD,0,0,0,4,0,0
BCH|BUSD|EUR,0,0,0,0,4,0
AUD|BTC|XRP,0,0,0,0,4,0
BCH|BUSD|USDT,0,0,0,4,0,0
AUD|BTC|ETH,0,0,0,2,2,0
BRL|DOT|USDT,0,0,0,0,3,1
ATOM|BUSD|USDT,0,0,0,4,0,0
BNB|RUB|XRP,0,0,0,1,3,0
ETH|TUSD|USDT,0,0,0,0,3,1
BUSD|USDT|VET,0,0,0,4,0,0
BNB|PAX|TRX,0,0,2,1,1,0
BNB|BRL|XRP,0,0,0,0,4,0
BNB|BTC|SUSHI,0,0,0,4,0,0
BUSD|SXP|USDT,0,0,0,3,0,1
BUSD|SXP|TRY,0,0,0,0,0,4
BUSD|SNX|USDT,0,0,0,3,1,0
BTC|BUSD|SUSHI,0,0,0,4,0,0
AAVE|BNB|BUSD,0,0,0,1,3,0
ALGO|BUSD|USDT,0,0,0,4,0,0
BTC|KSM|USDT,0,0,0,4,0,0
BUSD|QTUM|USDT,0,0,0,4,0,0
BTC|BUSD|GRT,0,0,0,0,4,0
BNB|BUSD|LTC,0,0,0,4,0,0
BUSD|EOS|EUR,0,0,0,0,3,1
BNB|BUSD|LUNA,0,0,0,4,0,0
BTC|BUSD|ICP,0,0,0,0,0,4
BUSD|MATIC|TRY,0,0,0,0,4,0
BNB|BUSD|NEO,0,0,0,4,0,0
HOT|TRY|USDT,0,0,0,0,4,0
MATIC|TRY|USDT,0,0,0,0,4,0
SXP|TRY|USDT,0,0,0,0,0,4
ADA|BNB|BUSD,0,0,0,4,0,0
AAVE|ETH|USDT,0,0,0,4,0,0
BNB|BUSD|XLM,0,0,0,2,2,0
BUSD|FIL|USDT,0,0,0,4,0,0
BNB|BUSD|XMR,0,0,0,4,0,0
BUSD|EUR|XRP,0,0,0,4,0,0
BNB|ETH|RUB,0,0,0,4,0,0
BTC|ENJ|EUR,0,0,0,0,3,1
BNB|CHZ|TRY,0,0,0,0,4,0
BNB|DOT|USDT,0,0,0,4,0,0
BNB|ENJ|EUR,0,0,0,0,4,0
BUSD|ETH|WAVES,0,0,0,1,1,2
BUSD|ETH|TRY,0,0,0,2,2,0
1INCH|BUSD|USDT,0,0,0,0,4,0
BNB|EGLD|EUR,0,0,0,0,3,1
BUSD|ETH|QTUM,0,0,0,0,4,0
BNB|BUSD|CELR,0,0,0,0,3,0
1INCH|BTC|BUSD,0,0,0,0,3,0
ADA|AUD|BTC,0,0,0,0,3,0
BTC|BUSD|SNX,0,0,0,3,0,0
BTC|BUSD|NEAR,0,0,0,2,1,0
ADA|BRL|BUSD,0,0,0,0,3,0
ADA|BRL|USDT,0,0,0,0,3,0
ADA|BTC|GBP,0,0,0,0,3,0
BTC|BUSD|SXP,0,0,0,3,0,0
ADA|BUSD|GBP,0,0,0,0,3,0
ADA|BUSD|TRY,0,0,0,0,3,0
ADA|ETH|GBP,0,0,0,0,2,1
ADA|GBP|USDT,0,0,0,0,3,0
ETH|USDT|ZEC,0,0,1,0,0,2
ADA|TRY|USDT,0,0,0,0,3,0
ALGO|BNB|USDT,0,0,1,1,1,0
BNB|BUSD|ZIL,0,0,0,2,0,1
ALGO|BTC|BUSD,0,0,0,3,0,0
ALICE|BUSD|USDT,0,0,0,0,2,1
BUSD|ETH|LINK,0,0,0,3,0,0
BUSD|EUR|XLM,0,0,0,0,3,0
ATOM|BNB|BTC,0,0,0,0,0,3
ATOM|BNB|USDT,0,0,0,1,0,2
BUSD|ETH|IOST,0,0,0,0,3,0
BRL|LINK|USDT,0,0,0,0,1,2
AUD|BNB|BUSD,0,0,0,2,1,0
BTC|IOTA|USDT,0,2,0,1,0,0
BRL|BUSD|LINK,0,0,0,0,2,1
ETH|ONT|USDT,0,0,0,1,2,0
AUD|BUSD|USDT,0,0,0,3,0,0
BUSD|GRT|USDT,0,0,0,0,3,0
BRL|BUSD|DOGE,0,0,0,0,3,0
AUD|DOGE|USDT,0,0,0,0,3,0
BUSD|HOT|TRY,0,0,0,0,3,0
AUD|ETH|USDT,0,0,0,2,1,0
BTC|USDT|XLM,0,3,0,0,0,0
BUSD|ETH|GRT,0,0,0,0,3,0
BTC|USDT|XRP,0,3,0,0,0,0
BRL|BTC|LINK,0,0,0,0,1,2
AVAX|BTC|BUSD,0,0,0,3,0,0
BUSD|ETH|EUR,0,0,0,3,0,0
BTC|SRM|USDT,0,0,0,0,0,3
BTT|BUSD|TRX,0,0,0,2,1,0
BAT|BTC|BUSD,0,0,0,3,0,0
BUSD|LINK|USDT,0,0,0,3,0,0
ETH|EUR|XRP,0,0,0,3,0,0
BNB|SOL|TRY,0,0,0,0,3,0
ENJ|ETH|EUR,0,0,0,0,3,0
BUSD|DASH|USDT,0,0,0,3,0,0
BNB|RVN|TRY,0,0,0,0,3,0
BUSD|MANA|USDT,0,0,0,1,2,0
BUSD|USDT|ZEC,0,0,0,3,0,0
BUSD|MATIC|USDT,0,0,0,0,3,0
BNB|BUSD|NEAR,0,0,0,1,2,0
BUSD|USDT|XMR,0,0,0,3,0,0
BUSD|USDT|XLM,0,0,1,2,0,0
BUSD|EOS|USDC,0,0,0,0,0,3
BUSD|UNI|USDT,0,0,0,2,0,1
BNB|BTC|BUSD,0,0,0,3,0,0
BUSD|SUSHI|USDT,0,0,0,3,0,0
BUSD|SRM|USDT,0,0,0,2,0,1
BTC|BUSD|WAVES,0,0,0,3,0,0
BUSD|SOL|TRY,0,0,0,0,3,0
BNB|BUSD|DAI,0,0,0,3,0,0
BUSD|RVN|TRY,0,0,0,0,0,3
BNB|BUSD|FTM,0,0,0,0,3,0
BUSD|DASH|ETH,0,0,0,1,1,0
ETC|ETH|USDT,0,1,0,0,1,0
TRY|USDT|XLM,0,0,0,0,2,0
BNB|MATIC|TRY,0,0,0,0,2,0
TRY|USDT|VET,0,0,0,0,2,0
BNB|BUSD|EGLD,0,0,0,0,0,2
AAVE|BUSD|ETH,0,0,0,2,0,0
BUSD|RVN|USDT,0,0,0,2,0,0
BNB|BUSD|HOT,0,0,0,0,2,0
BTC|BUSD|NEO,0,0,0,2,0,0
BUSD|DOT|TRY,0,0,0,0,2,0
BNB|BTT|USDT,0,0,0,1,1,0
BUSD|DOT|EUR,0,0,0,0,1,1
BTC|CELO|USDT,0,0,0,0,2,0
BCH|EUR|USDT,0,0,0,0,2,0
BNB|BUSD|IOTA,0,0,0,0,0,2
BTC|EOS|EUR,0,0,0,0,1,1
ADA|AUD|BUSD,0,0,0,0,2,0
ADA|AUD|USDT,0,0,0,0,2,0
BUSD|ETH|USDT,0,0,1,1,0,0
BTC|BUSD|LTC,0,0,0,2,0,0
ADA|BRL|BTC,0,0,0,0,2,0
ADA|BRL|ETH,0,0,0,0,2,0
BUSD|ETH|XRP,0,0,0,2,0,0
BNB|BTC|NEAR,0,0,0,0,2,0
ADA|BTC|TRY,0,0,0,0,2,0
BUSD|ETH|LTC,0,0,0,2,0,0
BNB|BTC|GBP,0,0,0,2,0,0
GBP|USDT|XRP,0,0,0,0,2,0
BTC|ETH|GBP,0,0,0,2,0,0
BUSD|TRY|VET,0,0,0,0,2,0
GBP|LINK|USDT,0,0,0,0,2,0
EUR|TRX|XRP,0,0,0,0,2,0
BUSD|EOS|TRY,0,0,0,0,2,0
EUR|LINK|USDT,0,0,0,0,2,0
BUSD|EUR|LINK,0,0,0,0,2,0
ETH|USDT|XRP,0,2,0,0,0,0
BTC|BUSD|FTT,0,0,0,0,2,0
ETH|USDT|XLM,0,2,0,0,0,0
BUSD|USDT|WAVES,0,0,0,2,0,0
BNB|BRL|DOT,0,0,0,0,1,1
BNB|BRL|BTC,0,0,0,2,0,0
BUSD|EUR|LUNA,0,0,0,0,2,0
BTC|BUSD|EUR,0,0,0,2,0,0
BTC|BUSD|DASH,0,0,0,2,0,0
ALICE|BTC|BUSD,0,0,0,0,2,0
ARPA|BNB|TRY,0,0,0,0,1,1
BNB|ETH|TRX,0,2,0,0,0,0
ATOM|BTC|BUSD,0,0,0,2,0,0
BRL|ETH|USDT,0,0,0,1,1,0
BNB|BUSD|VET,0,0,0,2,0,0
AUD|BNB|ETH,0,0,0,1,1,0
BNB|BUSD|USDT,0,0,0,2,0,0
BTC|GBP|XRP,0,0,0,0,2,0
BUSD|LUNA|USDT,0,0,0,2,0,0
BUSD|GBP|LINK,0,0,0,0,2,0
BUSD|LTC|USDT,0,0,0,2,0,0
DOGE|EUR|USDT,0,0,0,0,2,0
AUD|BUSD|DOGE,0,0,0,0,2,0
BUSD|GBP|XRP,0,0,0,0,2,0
DOT|EUR|USDT,0,0,0,0,1,1
DOT|TRY|USDT,0,0,0,0,2,0
BTC|BUSD|SRM,0,0,0,1,0,1
BNB|BUSD|USDC,0,0,0,0,2,0
BUSD|HOT|USDT,0,0,0,0,2,0
AUD|ETH|XRP,0,0,0,0,2,0
BUSD|IOTX|USDT,0,0,0,0,2,0
ETH|LTC|RUB,0,0,0,1,1,0
BRL|BTC|DOT,0,0,0,0,1,1
BNB|BUSD|RUB,0,0,0,1,0,1
EOS|TRY|USDT,0,0,0,0,2,0
BTT|TRX|USDT,0,0,0,1,1,0
BNB|BUSD|ONT,0,0,0,2,0,0
ETH|EUR|GRT,0,0,0,0,0,2
AVAX|BTC|EUR,0,0,0,0,1,0
BTC|CHZ|EUR,0,0,0,0,1,0
BUSD|CHZ|EUR,0,0,0,0,1,0
ETH|EUR|XLM,0,0,0,0,1,0
BCH|BNB|BUSD,0,0,0,1,0,0
BNB|SXP|USDT,0,0,0,0,0,1
BNB|TRX|TRY,0,0,0,0,1,0
ETH|GBP|XRP,0,0,0,0,1,0
ETH|GRT|USDT,0,0,0,0,1,0
BNB|SXP|TRY,0,0,0,0,1,0
BNB|TRY|VET,0,0,0,0,1,0
BUSD|LINK|TRY,0,0,0,0,1,0
BTC|EUR|LINK,0,0,0,0,1,0
BTT|BUSD|USDT,0,0,0,1,0,0
BAKE|BNB|USDT,0,0,0,0,1,0
BAKE|BNB|BUSD,0,0,0,0,1,0
BTC|SNX|USDT,0,0,0,1,0,0
BUSD|ETC|USDT,0,0,0,1,0,0
AVAX|TRY|USDT,0,0,0,1,0,0
AVAX|EUR|USDT,0,0,0,0,1,0
BTC|EUR|XLM,0,0,0,0,1,0
BTC|GBP|LINK,0,0,0,0,1,0
BNB|HOT|TRY,0,0,0,0,1,0
BTC|BUSD|ZEC,0,0,0,1,0,0
BNB|SOL|USDT,0,0,0,0,1,0
BCH|BTC|EUR,0,0,0,0,1,0
AVAX|BNB|TRY,0,0,0,0,1,0
EOS|ETH|EUR,0,0,0,0,0,1
BUSD|ETH|GBP,0,0,0,1,0,0
BTC|USDT|XMR,0,0,1,0,0,0
BNB|EUR|LUNA,0,0,0,0,1,0
BUSD|ETC|ETH,0,0,0,0,1,0
BUSD|ETH|ONT,0,0,0,0,1,0
BUSD|HBAR|USDT,0,0,0,1,0,0
BUSD|LTC|RUB,0,0,0,0,1,0
DOGE|TRY|USDT,0,0,0,0,1,0
BRL|BUSD|ETH,0,0,0,0,1,0
BUSD|GBP|USDT,0,0,0,1,0,0
DOGE|GBP|USDT,0,0,0,0,1,0
ETH|PAX|USDT,0,0,0,1,0,0
BIDR|BNB|BTC,0,0,0,1,0,0
BIDR|BNB|ETH,0,0,0,1,0,0
BRL|BUSD|XRP,0,0,0,0,1,0
BRL|DOGE|USDT,0,0,0,0,1,0
AUD|BTC|BUSD,0,0,0,1,0,0
BRL|ETH|LINK,0,0,0,0,0,1
BIDR|BTC|DOT,0,0,0,1,0,0
CHZ|TRY|USDT,0,0,0,0,1,0
CHZ|EUR|USDT,0,0,0,0,1,0
BUSD|EOS|USDT,0,0,0,1,0,0
BTC|BUSD|XLM,0,0,0,1,0,0
BIDR|BUSD|DOT,0,0,0,1,0,0
BIDR|BUSD|ETH,0,0,0,1,0,0
BUSD|ETH|IOTX,0,0,0,0,1,0
ARPA|TRY|USDT,0,0,0,0,1,0
ETH|TRY|VET,0,0,0,0,1,0
BTC|KNC|USDT,0,0,0,1,0,0
BRL|USDT|XRP,0,0,0,0,1,0
BIDR|DOT|USDT,0,0,0,1,0,0
BTC|UNI|USDT,0,0,0,1,0,0
BUSD|EUR|VET,0,0,0,0,1,0
BTC|BUSD|UNI,0,0,0,1,0,0
BUSD|USDT|XRP,0,0,0,1,0,0
BUSD|MKR|USDT,0,0,0,1,0,0
BUSD|EUR|TRX,0,0,0,0,1,0
BTC|BUSD|ZRX,0,0,0,1,0,0
BTC|BUSD|USDT,0,0,0,1,0,0
BNB|BRL|ETH,0,0,0,1,0,0
BNB|BRL|LTC,0,0,0,0,1,0
BUSD|EUR|LTC,0,0,0,0,1,0
BTC|MKR|USDT,0,0,0,1,0,0
BTC|BUSD|XMR,0,0,0,1,0,0
ADA|EUR|USDT,0,0,0,0,1,0
BNB|DOT|TRY,0,0,0,0,0,1
ADA|BUSD|USDT,0,0,0,1,0,0
BUSD|DOGE|EUR,0,0,0,0,1,0
ADA|BUSD|USDC,0,0,0,0,1,0
BUSD|ETH|ZIL,0,0,0,0,1,0
EUR|TRX|USDT,0,0,0,0,1,0
BTC|TRY|XLM,0,0,0,0,1,0
BTC|ETH|PAX,0,0,0,1,0,0
EUR|USDT|VET,0,0,0,0,1,0
EUR|USDT|XLM,0,0,0,0,1,0
BUSD|ETH|ZEC,0,0,0,0,1,0
ADA|BUSD|EUR,0,0,0,0,1,0
BUSD|TRY|XLM,0,0,0,0,1,0
BNB|BTC|DOT,0,0,0,1,0,0
BUSD|TRX|USDT,0,0,0,1,0,0
ADA|BUSD|ETH,0,0,0,1,0,0
LINK|TRY|USDT,0,0,0,0,1,0
BUSD|TRX|USDC,0,0,0,0,1,0
BUSD|DOGE|GBP,0,0,0,0,1,0
LTC|RUB|USDT,0,0,0,0,1,0
ADA|BTC|EUR,0,0,0,0,1,0
BTC|LINK|TRY,0,0,0,0,1,0
BTC|BUSD|LINK,0,0,0,1,0,0
BUSD|ETH|XMR,0,0,0,1,0,0
BNB|BTC|SXP,0,0,0,0,0,1
BTC|BUSD|XRP,0,0,0,1,0,0
BNB|BTC|UNI,0,0,0,1,0,0
BUSD|DOGE|TRY,0,0,0,0,1,0
BUSD|DOGE|USDT,0,0,0,1,0,0
ADA|BNB|TRY,0,0,0,0,1,0
BTC|TRB|USDT,0,0,0,1,0,0
ADA|BNB|BRL,0,0,0,0,1,0
BUSD|EOS|ETH,0,0,0,1,0,0
BTC|EOS|TRY,0,0,0,0,1,0
BUSD|SOL|USDT,0,0,0,1,0,0
BNB|NEAR|USDT,0,0,0,0,1,0
BNB|BUSD|FTT,0,0,0,0,1,0
BTC|DOT|EUR,0,0,0,0,1,0
BNB|LUNA|USDT,0,0,0,1,0,0
BTC|BUSD|QTUM,0,0,0,1,0,0
AAVE|BTC|BUSD,0,0,0,1,0,0
BUSD|ETH|NEO,0,0,0,0,1,0
BUSD|ETH|TRX,0,0,0,1,0,0
ETH|EUR|LINK,0,0,0,0,1,0